"itemId","globalId","x","y"
"103","Stair:Concrete Pan - 180mm Max Riser 280mm Tread:233637","381.8314583333335","264.9320694444446"
"104","Stair:Concrete Pan - 180mm Max Riser 280mm Tread:235743","302.3897916666667","264.9081805555557"
